{
"AspNetUsers": [
	{
		"Id" : "03db2826-0afa-4c76-a6f7-72bcf161be23",
		"UserName" : "Kaka",
		"NormalizedUserName" : "KAKA",
		"Email" : "kaka@gmail.com",
		"NormalizedEmail" : "KAKA@GMAIL.COM",
		"EmailConfirmed" : 0,
		"PasswordHash" : "AQAAAAEAACcQAAAAEGaq7VRd4eVCkgBH6LogQJdZ9i9ZJH\/B763B+WiL0YvcSu1oYM3GRUxOz2Lc\/14Cfg==",
		"SecurityStamp" : "A5NDTIWHU4NW5IQL4LESORPWGAA4IAFQ",
		"ConcurrencyStamp" : "898687d5-fdbf-4475-8b9b-a68d5d33ed72",
		"PhoneNumber" : null,
		"PhoneNumberConfirmed" : 0,
		"TwoFactorEnabled" : 0,
		"LockoutEnd" : null,
		"LockoutEnabled" : 1,
		"AccessFailedCount" : 0
	},
	{
		"Id" : "04e0ad10-5c8b-48b9-8e99-2445975fed3b",
		"UserName" : "mama",
		"NormalizedUserName" : "MAMA",
		"Email" : "mama@gmail.com",
		"NormalizedEmail" : "MAMA@GMAIL.COM",
		"EmailConfirmed" : 0,
		"PasswordHash" : "AQAAAAEAACcQAAAAECcp84ws4KvLrNyeD8CtAueK+mpHl1mtSluIEu48tH7jkPK9FZzK5OBdTckv\/yjxnQ==",
		"SecurityStamp" : "CETF66ITCFHS24PS4HVSVTC7ZLHAOKZS",
		"ConcurrencyStamp" : "4eb6730b-1138-4df7-a41f-f116ef8f49ad",
		"PhoneNumber" : null,
		"PhoneNumberConfirmed" : 0,
		"TwoFactorEnabled" : 0,
		"LockoutEnd" : null,
		"LockoutEnabled" : 1,
		"AccessFailedCount" : 0
	},
	{
		"Id" : "0eff0fea-5106-4ceb-b44f-6990529ad3c7",
		"UserName" : "dini",
		"NormalizedUserName" : "DINI",
		"Email" : "dini@gmail.com",
		"NormalizedEmail" : "DINI@GMAIL.COM",
		"EmailConfirmed" : 0,
		"PasswordHash" : "AQAAAAEAACcQAAAAEG3UQrfg29EVs2tybeii\/eRl0YGc4IWll5DOzFs8BlyGWAJ\/vkN4iVuIE\/m16615ag==",
		"SecurityStamp" : "WJP3WOJU4OWSK565PCON2VGSB4CYRWD2",
		"ConcurrencyStamp" : "68ef44cc-8346-4cd5-bbb8-ce6a343c1e3f",
		"PhoneNumber" : null,
		"PhoneNumberConfirmed" : 0,
		"TwoFactorEnabled" : 0,
		"LockoutEnd" : null,
		"LockoutEnabled" : 1,
		"AccessFailedCount" : 0
	},
	{
		"Id" : "117b06f6-a83a-41a5-b5dc-c01aa90ee058",
		"UserName" : "adik",
		"NormalizedUserName" : "ADIK",
		"Email" : "adik@gmail.com",
		"NormalizedEmail" : "ADIK@GMAIL.COM",
		"EmailConfirmed" : 0,
		"PasswordHash" : "AQAAAAEAACcQAAAAEGzpZ4qbSxPcH16JdLnfwEmKF1MLvpwICY+UnxbCDMLHFtu7p8k05tW2yNqNf\/DsyA==",
		"SecurityStamp" : "3TYOOW2CMNUBQUO6YPFRVJN6QFRSY3WC",
		"ConcurrencyStamp" : "d7e322d9-6f6c-44be-a4ea-63c8322813e7",
		"PhoneNumber" : null,
		"PhoneNumberConfirmed" : 0,
		"TwoFactorEnabled" : 0,
		"LockoutEnd" : null,
		"LockoutEnabled" : 1,
		"AccessFailedCount" : 0
	},
	{
		"Id" : "8aa8792e-0f67-4d9b-aa5e-a94f154c4529",
		"UserName" : "dini_puspita",
		"NormalizedUserName" : "DINI_PUSPITA",
		"Email" : "clinophile@gmail.com",
		"NormalizedEmail" : "CLINOPHILE@GMAIL.COM",
		"EmailConfirmed" : 0,
		"PasswordHash" : "AQAAAAEAACcQAAAAEHi2RCf3yDa4psI+WC2yiLkZ3EQMz\/oUqP8Epjwie0MvJaT1EVnEPi8VldfyugHIhA==",
		"SecurityStamp" : "NRLSH7VXDRK4NYBNISP4M6U7OS2HEQOD",
		"ConcurrencyStamp" : "68cfc38e-5b94-4949-9f26-a6c330dd0347",
		"PhoneNumber" : null,
		"PhoneNumberConfirmed" : 0,
		"TwoFactorEnabled" : 0,
		"LockoutEnd" : null,
		"LockoutEnabled" : 1,
		"AccessFailedCount" : 0
	}
]}
