{
"Items": [
	{
		"PaymentDetailId" : 1,
		"CardOwnerName" : "Ana",
		"CardNumber" : "123456789",
		"ExpirationDate" : "2021-12-31",
		"SecurityCode" : "abcdef"
	},
	{
		"PaymentDetailId" : 2,
		"CardOwnerName" : "Mickey",
		"CardNumber" : "012100446",
		"ExpirationDate" : "2022-12-31",
		"SecurityCode" : "TRevenge585"
	},
	{
		"PaymentDetailId" : 3,
		"CardOwnerName" : "Lucky",
		"CardNumber" : "012450453",
		"ExpirationDate" : "2022-12-31",
		"SecurityCode" : "dunkfee234"
	},
	{
		"PaymentDetailId" : 4,
		"CardOwnerName" : "Budi",
		"CardNumber" : "0124235973",
		"ExpirationDate" : "2022-12-31",
		"SecurityCode" : "RIYfkxRH123"
	},
	{
		"PaymentDetailId" : 5,
		"CardOwnerName" : "Caca",
		"CardNumber" : "0129997878",
		"ExpirationDate" : "2022-12-31",
		"SecurityCode" : "eSEGBdJ3"
	},
	{
		"PaymentDetailId" : 6,
		"CardOwnerName" : "Dian",
		"CardNumber" : "012656565",
		"ExpirationDate" : "2022-12-31",
		"SecurityCode" : "AKNJdfg456"
	}
]}
